StoreId,ValuePrior,YieldPrior,CompositePrior,Theta,YieldPosterior,ValuePosterior,Cred,Method,ECDF_q,Omega,Value,Yield,Composite
DU-001,3.5,3.1999999999999997,3.3499999999999996,4.389204545454545,3.0,4.5,0.05102715556553282,Hier,0.5,0.5,4.0,3.0999999999999996,3.55
DU-002,4.456,2.25,3.353,4.846153846153847,4.0,4.75,0.036447391019785266,Hier,0.75,0.5,4.603,3.125,3.864
DU-003,4.172,1.965,3.0685,3.377110694183865,1.5,4.15,0.103588028886806,Hier,0.125,0.5,4.161,1.7325,2.9467499999999998
DU-004,3.25,2.82,3.035,5.0,4.5,3.9,0.03259185421309177,Hier,0.875,0.5,3.575,3.66,3.6175
DU-005,3.3499999999999996,3.175,3.2624999999999997,4.21875,3.0,3.8,0.058457857202395117,Hier,0.5,0.5,3.5749999999999997,3.0875,3.33125
