store_id,stage,metadata.schema_version,baseline.theta_prediction,baseline.value_prediction,affluence.MedianIncomeNorm,affluence.Pct100kHHNorm,affluence.PctRenterNorm,affluence.MedianIncome,affluence.Pct100kHH,affluence.Turnover,adjacency.theta,adjacency.value,observations.visits,observations.dwell_total,observations.items_total,observations.value_mean,observations.theta_observed,observations.method,observations.theta_uncertainty,observations.value_uncertainty,model.parameters_hash,model.yield_family,model.min_samples_glm,model.knn_k,model.knn_smoothing_factor,scores.theta_final,scores.yield_final,scores.value_final,scores.credibility,scores.ecdf_quantile
DU-001,posterior,v1,81.62784746894589,4.499999999999999,0.75,0.65,0.4,72000.0,0.32,0.48,0.0,0.0,2.0,92.0,9.0,4.5,4.389204545454545,Hier,81.62784746894695,4.699798436761765e-15,07252840f6d98d92f8dc69c6c7e7cfba8e6187a20971447c7c52c00e0f6dad4a,Poisson,3,3,0.5,4.389204545454545,3.0,4.5,0.051027155565532764,0.5
DU-002,posterior,v1,128.1168559636775,4.750000000000002,0.88,0.72,0.55,72000.0,0.32,0.48,0.0,0.0,2.0,102.0,11.0,4.75,4.846153846153847,Hier,128.1168559636771,5.891509130072236e-15,07252840f6d98d92f8dc69c6c7e7cfba8e6187a20971447c7c52c00e0f6dad4a,Poisson,3,3,0.5,4.846153846153847,4.0,4.75,0.03644739101978529,0.75
DU-003,posterior,v1,29.224258661787953,4.150000000000003,0.92,0.8,0.35,72000.0,0.32,0.48,0.0,0.0,2.0,80.0,6.0,4.15,3.377110694183865,Hier,29.224258661787875,5.617333549722722e-15,07252840f6d98d92f8dc69c6c7e7cfba8e6187a20971447c7c52c00e0f6dad4a,Poisson,3,3,0.5,3.377110694183865,1.5,4.15,0.10358802888680609,0.125
DU-004,posterior,v1,148.41259612654116,3.8999999999999986,0.7,0.55,0.6,63000.0,0.24,0.52,0.0,0.0,1.0,36.0,4.0,3.9,5.0,Hier,148.41259612654113,8.702335715267317e-15,07252840f6d98d92f8dc69c6c7e7cfba8e6187a20971447c7c52c00e0f6dad4a,Poisson,3,3,0.5,5.0,4.5,3.9,0.0325918542130917,0.875
DU-005,posterior,v1,67.94863935428006,3.799999999999997,0.62,0.48,0.45,63000.0,0.24,0.52,0.0,0.0,1.0,32.0,3.0,3.8,4.21875,Hier,67.94863935428046,7.105427357601002e-15,07252840f6d98d92f8dc69c6c7e7cfba8e6187a20971447c7c52c00e0f6dad4a,Poisson,3,3,0.5,4.21875,3.0,3.8,0.05845785720239464,0.5
