StoreId,ValuePrior,YieldPrior,CompositePrior,ValuePosterior,YieldPosterior,Omega,Value,Yield,Composite
AU,4.1063063063063066,1.9084745762711863,,,,0.0,4.1063063063063066,1.9084745762711863,
FSW,4.05,1.938135593220339,,,,0.0,4.05,1.938135593220339,
RRAC,4.055855855855856,1.9,,,,0.0,4.055855855855856,1.9,
SAVERSB,3.441891891891892,3.4,,,,0.0,3.441891891891892,3.4,
SBTL,4.35,2.689830508474576,,,,0.0,4.35,2.689830508474576,
