StoreId,ValuePrior,YieldPrior,CompositePrior,ValuePosterior,YieldPosterior,Omega,Value,Yield,Composite
AB,3.05,2.9,,,,0.0,3.05,2.9,
ATSWS,3.3759668508287293,3.3565217391304345,,,,0.0,3.3759668508287293,3.3565217391304345,
AWFM,4.1499999999999995,2.0,,,,0.0,4.1499999999999995,2.0,
GJE,3.174585635359116,2.8878260869565215,,,,0.0,3.174585635359116,2.8878260869565215,
HTSHFB,3.05,2.9,,,,0.0,3.05,2.9,
SAVERSR,3.5168508287292815,3.309782608695652,,,,0.0,3.5168508287292815,3.309782608695652,
SAVERST,3.3041436464088396,3.301086956521739,,,,0.0,3.3041436464088396,3.301086956521739,
