StoreId,ValuePrior,YieldPrior,CompositePrior,ValuePosterior,YieldPosterior,Omega,Value,Yield,Composite
AVM,4.154040404040404,2.5770154373927956,,,,0.0,4.154040404040404,2.5770154373927956,
BSS,3.3000000000000003,3.0,,,,0.0,3.3000000000000003,3.0,
PG,4.2429292929292926,1.7999999999999998,,,,0.0,4.2429292929292926,1.7999999999999998,
SL,4.05,1.9164665523156088,,,,0.0,4.05,1.9164665523156088,
TCKA,4.071212121212121,1.955746140651801,,,,0.0,4.071212121212121,1.955746140651801,
TVAT,4.056734006734007,1.9483704974271012,,,,0.0,4.056734006734007,1.9483704974271012,
VWT-Lakewood,3.289057239057239,3.062092624356775,,,,0.0,3.289057239057239,3.062092624356775,
VWT-Olmstead,3.4456228956228956,3.3451114922813034,,,,0.0,3.4456228956228956,3.3451114922813034,
