StoreId,ValuePrior,YieldPrior,CompositePrior,Theta,YieldPosterior,ValuePosterior,Cred,Method,ECDF_q,Value,Yield,Composite
DU-001,3.5,3.1999999999999997,3.38,4.389204545454545,3.0,4.5,0.05102715556553246,Hier,0.5,4.5,3.0,3.9
DU-002,4.456,2.25,3.5736,4.846153846153847,4.0,4.75,0.03644739101978494,Hier,0.75,4.75,4.0,4.45
DU-003,4.172,1.965,3.2891999999999997,3.377110694183865,1.5,4.15,0.10358802888680642,Hier,0.125,4.15,1.5,3.0900000000000003
DU-004,3.25,2.82,3.078,5.0,4.5,3.9,0.03259185421309139,Hier,0.875,3.9,4.5,4.14
DU-005,3.3499999999999996,3.175,3.28,4.21875,3.0,3.8,0.05845785720239434,Hier,0.5,3.8,3.0,3.48
