StoreId,Value,Yield,Composite
DU-001,3.5,3.1999999999999997,
DU-002,4.456,2.25,
DU-003,4.172,1.965,
DU-004,3.25,2.82,
DU-005,3.3499999999999996,3.175,
